<?xml version="1.0" encoding="UTF-8" standalone="yes"?>
<addon id="plugin.program.klarionwizard" name="Klarion Wizard" version="1.1.1" provider-name="Klarion">
  <requires>
    <import addon="xbmc.python" version="2.1.0"/>
  </requires>
  <extension point="xbmc.python.pluginsource" library="default.py">
    <provides>executable</provides>
  </extension>
  <extension point="xbmc.service" library="startup.py" start="startup" />
  <extension point="xbmc.addon.metadata">
    <summary lang="en">Klarion Wizard</summary>
    <description lang="en">Klarion Wizard allows you to get access to the latest Klarion Custom Builds.</description>
    <platform>all</platform>
  </extension>
</addon>