<?xml version="1.0" encoding="UTF-8" standalone="yes"?>
<addon id="repository.klarion56" name="Klarion Repo" version="0.0.1" provider-name="klarion">
	<extension point="xbmc.addon.repository" name="Klarion Repo">
		<dir>
			<info compressed="false">https://raw.githubusercontent.com/noobsandnerds/modules4all/master/zips/addons.xml</info>
			<checksum>https://raw.githubusercontent.com/noobsandnerds/modules4all/master/zips/addons.xml.md5</checksum>
			<datadir zip="true">https://raw.githubusercontent.com/noobsandnerds/modules4all/master/zips/</datadir>
		</dir>
		<info compressed="false">https://raw.githubusercontent.com/Klarion56/repository.klarion56/master/zips/addons.xml</info>
		<checksum>https://raw.githubusercontent.com/Klarion56/repository.klarion56/master/zips/addons.xml.md5</checksum>
		<datadir zip="true">https://raw.githubusercontent.com/Klarion56/repository.klarion56/master/zips/</datadir>
	</extension>
	<extension point="xbmc.addon.metadata">
		<summary lang="en">Pinoy Media and International Add-on Repository</summary>
		<description lang="en">A collection of the best and upcoming media add-ons for your tv boxes!</description>
		<genre>kids,livetv,movies,music,sports,trailers,tvshows,wizard,canadian,filipino,uk,usa</genre>
	</extension>
</addon>